{
  "model": "Custom CNN",
  "loss": 0.44597572088241577,
  "accuracy": 0.8529999852180481,
  "precision": 0.855587007688615,
  "recall": 0.853,
  "f1_score": 0.8512058258364695
}