{
  "model": "MobileNetV2",
  "loss": 0.2742985486984253,
  "accuracy": 0.917900025844574,
  "precision": 0.9177803489627994,
  "recall": 0.9179,
  "f1_score": 0.9177929630252187
}