{
  "model": "ResNet50",
  "loss": 0.3102489113807678,
  "accuracy": 0.9063000082969666,
  "precision": 0.9062836515503816,
  "recall": 0.9063,
  "f1_score": 0.9062575452054132
}